Username,Date_Checked,Status
qzz8,2025-07-11 17:39:08,Available
9twc,2025-07-11 17:39:08,Available
ax3j,2025-07-11 17:39:08,Available
1n6e,2025-07-11 17:39:08,Available
bc0t,2025-07-11 17:39:08,Available
98vy,2025-07-11 17:39:08,Available
u4wo,2025-07-11 17:39:08,Available
4z77,2025-07-11 17:39:08,Available
gqyf,2025-07-11 17:39:08,Available
e58t,2025-07-11 17:39:08,Available
c4j9,2025-07-11 17:39:08,Available
dqhv,2025-07-11 17:39:08,Available
6sqf,2025-07-11 17:39:08,Available
j35t,2025-07-11 17:39:08,Available
ra3g,2025-07-11 17:39:08,Available
1t1c,2025-07-11 17:39:08,Available
4xiw,2025-07-11 17:39:08,Available
nod9,2025-07-11 17:39:08,Available
5n9w,2025-07-11 17:39:08,Available
cqfr,2025-07-11 17:39:08,Available
lti8,2025-07-11 17:39:08,Available
6tz3,2025-07-11 17:39:08,Available
2xqp,2025-07-11 17:39:08,Available
ywq6,2025-07-11 17:39:08,Available
lt0t,2025-07-11 17:39:08,Available
422v,2025-07-11 17:39:08,Available
042h,2025-07-11 17:39:08,Available
4k6w,2025-07-11 17:39:08,Available
z863,2025-07-11 17:39:08,Available
832i,2025-07-11 17:39:08,Available
2bce,2025-07-11 17:39:08,Available
vyjf,2025-07-11 17:39:08,Available
tb38,2025-07-11 17:39:08,Available
9yh4,2025-07-11 17:39:08,Available
6cn8,2025-07-11 17:39:08,Available
qfif,2025-07-11 17:39:08,Available
jr8i,2025-07-11 17:39:08,Available
qrh3,2025-07-11 17:39:08,Available
1n5y,2025-07-11 17:39:08,Available
5gnx,2025-07-11 17:39:08,Available
h5br,2025-07-11 17:39:08,Available
r9sh,2025-07-11 17:39:08,Available
1jr8,2025-07-11 17:39:08,Available
58vf,2025-07-11 17:39:08,Available
qc8a,2025-07-11 17:39:08,Available
opj1,2025-07-11 17:39:08,Available
0n9t,2025-07-11 17:39:08,Available
9n9t,2025-07-11 17:39:08,Available
as70,2025-07-11 17:39:08,Available
028s,2025-07-11 17:39:08,Available
vqut,2025-07-11 17:39:08,Available
2na9,2025-07-11 17:39:08,Available
ga3a,2025-07-11 17:39:08,Available
2vkp,2025-07-11 17:39:08,Available
4z3w,2025-07-11 17:39:08,Available
cf96,2025-07-11 17:39:08,Available
rwkh,2025-07-11 17:39:08,Available
f9jz,2025-07-11 17:39:08,Available
x635,2025-07-11 17:39:08,Available
izmf,2025-07-11 17:39:08,Available
hs49,2025-07-11 17:39:08,Available
30i7,2025-07-11 17:39:08,Available
59ea,2025-07-11 17:39:08,Available
u4dw,2025-07-11 17:39:08,Available
z7rs,2025-07-11 17:39:08,Available
ng5h,2025-07-11 17:39:08,Available
zc2o,2025-07-11 17:39:08,Available
x9c9,2025-07-11 17:39:08,Available
2dwf,2025-07-11 17:39:08,Available
73z2,2025-07-11 17:39:08,Available
iy4x,2025-07-11 17:39:08,Available
j27r,2025-07-11 17:39:08,Available
6w3w,2025-07-11 17:39:08,Available
u95u,2025-07-11 17:39:08,Available
43jb,2025-07-11 17:39:08,Available
xdtu,2025-07-11 17:39:08,Available
39na,2025-07-11 17:39:08,Available
6kbx,2025-07-11 17:39:08,Available
vwk5,2025-07-11 17:39:08,Available
mm5c,2025-07-11 17:39:08,Available
u9yc,2025-07-11 17:39:08,Available
qv1h,2025-07-11 17:39:08,Available
gq59,2025-07-11 17:39:08,Available
7s6f,2025-07-11 17:39:08,Available
rv4r,2025-07-11 17:39:08,Available
d0fo,2025-07-11 17:39:08,Available
h1q9,2025-07-11 17:39:08,Available
04io,2025-07-11 17:39:08,Available
5gc9,2025-07-11 17:39:08,Available
5zor,2025-07-11 17:39:08,Available
un7t,2025-07-11 17:39:08,Available
vjnn,2025-07-11 17:39:08,Available
j3kr,2025-07-11 17:39:08,Available
5k8s,2025-07-11 17:39:08,Available
2h7h,2025-07-11 17:39:08,Available
2hd2,2025-07-11 17:39:08,Available
7if1,2025-07-11 17:39:08,Available
x69y,2025-07-11 17:39:08,Available
6eqs,2025-07-11 17:39:08,Available
hyvj,2025-07-11 17:39:08,Available
yo9b,2025-07-11 17:39:08,Available
pkxp,2025-07-11 17:39:08,Available
5s2v,2025-07-11 17:39:08,Available
91dp,2025-07-11 17:39:08,Available
e5be,2025-07-11 17:39:08,Available
wzn5,2025-07-11 17:39:08,Available
lqfh,2025-07-11 17:39:08,Available
ulx8,2025-07-11 17:39:08,Available
hr72,2025-07-11 17:39:08,Available
iu6j,2025-07-11 17:39:08,Available
6yvh,2025-07-11 17:39:08,Available
9s6x,2025-07-11 17:39:08,Available
qnu2,2025-07-11 17:39:08,Available
k3ue,2025-07-11 17:39:08,Available
1ocs,2025-07-11 17:39:08,Available
1rbs,2025-07-11 17:39:08,Available
en2t,2025-07-11 17:39:08,Available
d9lw,2025-07-11 17:39:08,Available
rkdk,2025-07-11 17:39:08,Available
v5up,2025-07-11 17:39:08,Available
38ib,2025-07-11 17:39:08,Available
m1e1,2025-07-11 17:39:08,Available
xmv8,2025-07-11 17:39:08,Available
qfw6,2025-07-11 17:39:08,Available
p8pq,2025-07-11 17:39:08,Available
npke,2025-07-11 17:39:08,Available
ky2u,2025-07-11 17:39:08,Available
6qwt,2025-07-11 17:39:08,Available
4gwp,2025-07-11 17:39:08,Available
zf67,2025-07-11 17:39:08,Available
5g74,2025-07-11 17:39:08,Available
449p,2025-07-11 17:39:08,Available
7b26,2025-07-11 17:39:08,Available
iawv,2025-07-11 17:39:08,Available
q9uv,2025-07-11 17:39:08,Available
57n4,2025-07-11 17:39:08,Available
ycgc,2025-07-11 17:39:08,Available
u1q7,2025-07-11 17:39:08,Available
yjhv,2025-07-11 17:39:08,Available
irh8,2025-07-11 17:39:08,Available
5sp4,2025-07-11 17:39:08,Available
ao3e,2025-07-11 17:39:08,Available
3x56,2025-07-11 17:39:08,Available
n5sq,2025-07-11 17:39:08,Available
0vmn,2025-07-11 17:39:08,Available
8wcf,2025-07-11 17:39:08,Available
hphg,2025-07-11 17:39:08,Available
t1z8,2025-07-11 17:39:08,Available
2yhw,2025-07-11 17:39:08,Available
b67b,2025-07-11 17:39:08,Available
14g2,2025-07-11 17:39:08,Available
90xd,2025-07-11 17:39:08,Available
tk5f,2025-07-11 17:39:08,Available
2fg3,2025-07-11 17:39:08,Available
d18f,2025-07-11 17:39:08,Available
6i56,2025-07-11 17:39:08,Available
ytd8,2025-07-11 17:39:08,Available
431v,2025-07-11 17:39:08,Available
ljnu,2025-07-11 17:39:08,Available
e9c9,2025-07-11 17:39:08,Available
9s2i,2025-07-11 17:39:08,Available
s4i3,2025-07-11 17:39:08,Available
90rj,2025-07-11 17:39:08,Available
0rjk,2025-07-11 17:39:08,Available
9kbg,2025-07-11 17:39:08,Available
ut9o,2025-07-11 17:39:08,Available
l5ek,2025-07-11 17:39:08,Available
qtz0,2025-07-11 17:39:08,Available
q5ld,2025-07-11 17:39:08,Available
4ktd,2025-07-11 17:39:08,Available
iywr,2025-07-11 17:39:08,Available
avb4,2025-07-11 17:39:08,Available
q91u,2025-07-11 17:39:08,Available
k6hj,2025-07-11 17:39:08,Available
f9y7,2025-07-11 17:39:08,Available
js1p,2025-07-11 17:39:08,Available
j3ee,2025-07-11 17:39:08,Available
k30m,2025-07-11 17:39:08,Available
50ki,2025-07-11 17:39:08,Available
qroj,2025-07-11 17:39:08,Available
f86i,2025-07-11 17:39:08,Available
0c64,2025-07-11 17:39:08,Available
sztw,2025-07-11 17:39:08,Available
e7x2,2025-07-11 17:39:08,Available
vgez,2025-07-11 17:39:08,Available
k6qu,2025-07-11 17:39:08,Available
4ymu,2025-07-11 17:39:08,Available
c6ai,2025-07-11 17:39:08,Available
bhk8,2025-07-11 17:39:08,Available
eyg8,2025-07-11 17:39:08,Available
pq00,2025-07-11 17:39:08,Available
eeih,2025-07-11 17:39:08,Available
6tfc,2025-07-11 17:39:08,Available
7zz8,2025-07-11 17:39:08,Available
pw3y,2025-07-11 17:39:08,Available
qahg,2025-07-11 17:39:08,Available
zdbv,2025-07-11 17:39:08,Available
3rl5,2025-07-11 17:39:08,Available
m59t,2025-07-11 17:39:08,Available
9ofc,2025-07-11 17:39:08,Available
uv59,2025-07-11 17:39:08,Available
k25u,2025-07-11 17:39:08,Available
dpbw,2025-07-11 17:39:08,Available
6p8o,2025-07-11 17:39:08,Available
pljd,2025-07-11 17:39:08,Available
kgqj,2025-07-11 17:39:08,Available
pvuo,2025-07-11 17:39:08,Available
287t,2025-07-11 17:39:08,Available
a9u8,2025-07-11 17:39:08,Available
i3to,2025-07-11 17:39:08,Available
bz2n,2025-07-11 17:39:08,Available
mn39,2025-07-11 17:39:08,Available
z1kw,2025-07-11 17:39:08,Available
1rm0,2025-07-11 17:39:08,Available
dfwz,2025-07-11 17:39:08,Available
d0tp,2025-07-11 17:39:08,Available
i529,2025-07-11 17:39:08,Available
5x86,2025-07-11 17:39:08,Available
y0ec,2025-07-11 17:39:08,Available
aw8p,2025-07-11 17:39:08,Available
j6w2,2025-07-11 17:39:08,Available
76a4,2025-07-11 17:39:08,Available
640w,2025-07-11 17:39:08,Available
txfj,2025-07-11 17:39:08,Available
2m9m,2025-07-11 17:39:08,Available
2b8z,2025-07-11 17:39:08,Available
9ye4,2025-07-11 17:39:08,Available
pj6e,2025-07-11 17:39:08,Available
3hw9,2025-07-11 17:39:08,Available
y24l,2025-07-11 17:39:08,Available
9kem,2025-07-11 17:39:08,Available
cpha,2025-07-11 17:39:08,Available
a0az,2025-07-11 17:39:08,Available
1vge,2025-07-11 17:39:08,Available
ghbo,2025-07-11 17:39:08,Available
92qu,2025-07-11 17:39:08,Available
6rs8,2025-07-11 17:39:08,Available
3qxy,2025-07-11 17:39:08,Available
2r6t,2025-07-11 17:39:08,Available
9p6s,2025-07-11 17:39:08,Available
820w,2025-07-11 17:39:08,Available
7z89,2025-07-11 17:39:08,Available
dvq9,2025-07-11 17:39:08,Available
wc7l,2025-07-11 17:39:08,Available
g52n,2025-07-11 17:39:08,Available
9hy5,2025-07-11 17:39:08,Available
bgwq,2025-07-11 17:39:08,Available
tpqk,2025-07-11 17:39:08,Available
1jnw,2025-07-11 17:39:08,Available
tfsv,2025-07-11 17:39:08,Available
y4rt,2025-07-11 17:39:08,Available
0t9k,2025-07-11 17:39:08,Available
kh9w,2025-07-11 17:39:08,Available
wfkm,2025-07-11 17:39:08,Available
d7bb,2025-07-11 17:39:08,Available
t1vc,2025-07-11 17:39:08,Available
c723,2025-07-11 17:39:08,Available
uvt3,2025-07-11 17:39:08,Available
hf7a,2025-07-11 17:39:08,Available
ip84,2025-07-11 17:39:08,Available
5uaf,2025-07-11 17:39:08,Available
jwjm,2025-07-11 17:39:08,Available
m4ig,2025-07-11 17:39:08,Available
2wyh,2025-07-11 17:39:08,Available
rfs1,2025-07-11 17:39:08,Available
bjlh,2025-07-11 17:39:08,Available
xpb6,2025-07-11 17:39:08,Available
8i47,2025-07-11 17:39:08,Available
yp2f,2025-07-11 17:39:08,Available
xbp3,2025-07-11 17:39:08,Available
9czc,2025-07-11 17:39:08,Available
4fy8,2025-07-11 17:39:08,Available
gb3y,2025-07-11 17:39:08,Available
g7u4,2025-07-11 17:39:08,Available
9bqk,2025-07-11 17:39:08,Available
pkmx,2025-07-11 17:39:08,Available
k54f,2025-07-11 17:39:08,Available
3ty6,2025-07-11 17:39:08,Available
fx6l,2025-07-11 17:39:08,Available
65vn,2025-07-11 17:39:08,Available
cm7o,2025-07-11 17:39:08,Available
3miw,2025-07-11 17:39:08,Available
26hm,2025-07-11 17:39:08,Available
560i,2025-07-11 17:39:08,Available
4n2l,2025-07-11 17:39:08,Available
r3vg,2025-07-11 17:39:08,Available
7l7u,2025-07-11 17:39:08,Available
qu0x,2025-07-11 17:39:08,Available
5imv,2025-07-11 17:39:08,Available
kwx1,2025-07-11 17:39:08,Available
c6xu,2025-07-11 17:39:08,Available
6n1e,2025-07-11 17:39:08,Available
tbwx,2025-07-11 17:39:08,Available
9qrw,2025-07-11 17:39:08,Available
q5cp,2025-07-11 17:39:08,Available
9yju,2025-07-11 17:39:08,Available
z2y2,2025-07-11 17:39:08,Available
mw3f,2025-07-11 17:39:08,Available
9y1x,2025-07-11 17:39:08,Available
8wzd,2025-07-11 17:39:08,Available
t9yl,2025-07-11 17:39:08,Available
