Username,Date_Checked,Status,Save_Type
1gf5,2025-07-11 20:39:45,Available,Emergency_Save
gk3f,2025-07-11 20:39:45,Available,Emergency_Save
dzd5,2025-07-11 20:39:45,Available,Emergency_Save
uea2,2025-07-11 20:39:45,Available,Emergency_Save
xz4c,2025-07-11 20:39:45,Available,Emergency_Save
1g8d,2025-07-11 20:39:45,Available,Emergency_Save
l6kb,2025-07-11 20:39:45,Available,Emergency_Save
nu41,2025-07-11 20:39:45,Available,Emergency_Save
1xmr,2025-07-11 20:39:45,Available,Emergency_Save
1y6n,2025-07-11 20:39:45,Available,Emergency_Save
846q,2025-07-11 20:39:45,Available,Emergency_Save
ipa3,2025-07-11 20:39:45,Available,Emergency_Save
svub,2025-07-11 20:39:45,Available,Emergency_Save
fbh8,2025-07-11 20:39:45,Available,Emergency_Save
4n3e,2025-07-11 20:39:45,Available,Emergency_Save
2hd6,2025-07-11 20:39:45,Available,Emergency_Save
u3nr,2025-07-11 20:39:45,Available,Emergency_Save
uz5d,2025-07-11 20:39:45,Available,Emergency_Save
14gm,2025-07-11 20:39:45,Available,Emergency_Save
qusw,2025-07-11 20:39:45,Available,Emergency_Save
qjnl,2025-07-11 20:39:45,Available,Emergency_Save
hfa7,2025-07-11 20:39:45,Available,Emergency_Save
cq74,2025-07-11 20:39:45,Available,Emergency_Save
5kmc,2025-07-11 20:39:45,Available,Emergency_Save
2uxt,2025-07-11 20:39:45,Available,Emergency_Save
5e4d,2025-07-11 20:39:45,Available,Emergency_Save
lrmh,2025-07-11 20:39:45,Available,Emergency_Save
z2at,2025-07-11 20:39:45,Available,Emergency_Save
3nbw,2025-07-11 20:39:45,Available,Emergency_Save
5qx3,2025-07-11 20:39:45,Available,Emergency_Save
hf04,2025-07-11 20:39:45,Available,Emergency_Save
vr4w,2025-07-11 20:39:45,Available,Emergency_Save
jl3s,2025-07-11 20:39:45,Available,Emergency_Save
pcvz,2025-07-11 20:39:45,Available,Emergency_Save
b9w0,2025-07-11 20:39:45,Available,Emergency_Save
688d,2025-07-11 20:39:45,Available,Emergency_Save
0ivh,2025-07-11 20:39:45,Available,Emergency_Save
1qkz,2025-07-11 20:39:45,Available,Emergency_Save
3hmy,2025-07-11 20:39:45,Available,Emergency_Save
hbf8,2025-07-11 20:39:45,Available,Emergency_Save
0tkt,2025-07-11 20:39:45,Available,Emergency_Save
ibp7,2025-07-11 20:39:45,Available,Emergency_Save
v28l,2025-07-11 20:39:45,Available,Emergency_Save
ut49,2025-07-11 20:39:45,Available,Emergency_Save
82zl,2025-07-11 20:39:45,Available,Emergency_Save
o36q,2025-07-11 20:39:45,Available,Emergency_Save
3swn,2025-07-11 20:39:45,Available,Emergency_Save
ufyh,2025-07-11 20:39:45,Available,Emergency_Save
70bl,2025-07-11 20:39:45,Available,Emergency_Save
fhl2,2025-07-11 20:39:45,Available,Emergency_Save
pfrv,2025-07-11 20:39:45,Available,Emergency_Save
02q8,2025-07-11 20:39:45,Available,Emergency_Save
8sjj,2025-07-11 20:39:45,Available,Emergency_Save
9ll6,2025-07-11 20:39:45,Available,Emergency_Save
w7jn,2025-07-11 20:39:45,Available,Emergency_Save
0pmy,2025-07-11 20:39:45,Available,Emergency_Save
bcd0,2025-07-11 20:39:45,Available,Emergency_Save
y54v,2025-07-11 20:39:45,Available,Emergency_Save
1cws,2025-07-11 20:39:45,Available,Emergency_Save
g2co,2025-07-11 20:39:45,Available,Emergency_Save
e37o,2025-07-11 20:39:45,Available,Emergency_Save
s6oy,2025-07-11 20:39:45,Available,Emergency_Save
hafv,2025-07-11 20:39:45,Available,Emergency_Save
5bf6,2025-07-11 20:39:45,Available,Emergency_Save
nk3d,2025-07-11 20:39:45,Available,Emergency_Save
b820,2025-07-11 20:39:45,Available,Emergency_Save
t4m9,2025-07-11 20:39:45,Available,Emergency_Save
u6wz,2025-07-11 20:39:45,Available,Emergency_Save
oym9,2025-07-11 20:39:45,Available,Emergency_Save
6tuw,2025-07-11 20:39:45,Available,Emergency_Save
2r7k,2025-07-11 20:39:45,Available,Emergency_Save
9wly,2025-07-11 20:39:45,Available,Emergency_Save
eeq4,2025-07-11 20:39:45,Available,Emergency_Save
prqn,2025-07-11 20:39:45,Available,Emergency_Save
fd8r,2025-07-11 20:39:45,Available,Emergency_Save
1hvi,2025-07-11 20:39:45,Available,Emergency_Save
nxd3,2025-07-11 20:39:45,Available,Emergency_Save
6dpw,2025-07-11 20:39:45,Available,Emergency_Save
ny9v,2025-07-11 20:39:45,Available,Emergency_Save
1rh0,2025-07-11 20:39:45,Available,Emergency_Save
hp6p,2025-07-11 20:39:45,Available,Emergency_Save
04yf,2025-07-11 20:39:45,Available,Emergency_Save
i151,2025-07-11 20:39:45,Available,Emergency_Save
r2j4,2025-07-11 20:39:45,Available,Emergency_Save
lt5u,2025-07-11 20:39:45,Available,Emergency_Save
3k5z,2025-07-11 20:39:45,Available,Emergency_Save
i3g8,2025-07-11 20:39:45,Available,Emergency_Save
q75b,2025-07-11 20:39:45,Available,Emergency_Save
k87i,2025-07-11 20:39:45,Available,Emergency_Save
uy08,2025-07-11 20:39:45,Available,Emergency_Save
az5g,2025-07-11 20:39:45,Available,Emergency_Save
4rlf,2025-07-11 20:39:45,Available,Emergency_Save
bpki,2025-07-11 20:39:45,Available,Emergency_Save
fmkf,2025-07-11 20:39:45,Available,Emergency_Save
kj4b,2025-07-11 20:39:45,Available,Emergency_Save
j43t,2025-07-11 20:39:45,Available,Emergency_Save
2gh1,2025-07-11 20:39:45,Available,Emergency_Save
3nhw,2025-07-11 20:39:45,Available,Emergency_Save
74fi,2025-07-11 20:39:45,Available,Emergency_Save
hi1g,2025-07-11 20:39:45,Available,Emergency_Save
nms4,2025-07-11 20:39:45,Available,Emergency_Save
6p46,2025-07-11 20:39:45,Available,Emergency_Save
d01k,2025-07-11 20:39:45,Available,Emergency_Save
ewxt,2025-07-11 20:39:45,Available,Emergency_Save
